-- phpMyAdmin SQL Dump
-- version 5.0.2
-- https://www.phpmyadmin.net/
--
-- Host: 127.0.0.1
-- Generation Time: Dec 19, 2020 at 09:54 AM
-- Server version: 10.4.14-MariaDB
-- PHP Version: 7.2.33

SET SQL_MODE = "NO_AUTO_VALUE_ON_ZERO";
START TRANSACTION;
SET time_zone = "+00:00";


/*!40101 SET @OLD_CHARACTER_SET_CLIENT=@@CHARACTER_SET_CLIENT */;
/*!40101 SET @OLD_CHARACTER_SET_RESULTS=@@CHARACTER_SET_RESULTS */;
/*!40101 SET @OLD_COLLATION_CONNECTION=@@COLLATION_CONNECTION */;
/*!40101 SET NAMES utf8mb4 */;

--
-- Database: `rios_db`
--

-- --------------------------------------------------------

--
-- Table structure for table `alert_msg`
--

CREATE TABLE `alert_msg` (
  `id` int(30) NOT NULL,
  `form_id` int(30) NOT NULL,
  `alert_type` text NOT NULL,
  `message` text NOT NULL,
  `status` tinyint(4) NOT NULL DEFAULT 0,
  `delete_flag` tinyint(1) NOT NULL DEFAULT 0,
  `date_created` datetime NOT NULL DEFAULT current_timestamp() ON UPDATE current_timestamp()
) ENGINE=InnoDB DEFAULT CHARSET=utf8mb4;

--
-- Dumping data for table `alert_msg`
--

INSERT INTO `alert_msg` (`id`, `form_id`, `alert_type`, `message`, `status`, `delete_flag`, `date_created`) VALUES
(1, 3, 'online_order', '<b>jsmith@sample.com</b> added new order for Pick-up.', 1, 0, '2020-12-17 08:43:11');

-- --------------------------------------------------------

--
-- Table structure for table `cart_list`
--

CREATE TABLE `cart_list` (
  `id` int(30) NOT NULL,
  `product_id` int(30) NOT NULL,
  `qty` int(30) NOT NULL,
  `voucher_id` int(30) NOT NULL,
  `user_id` int(30) NOT NULL,
  `date_added` timestamp NOT NULL DEFAULT current_timestamp() ON UPDATE current_timestamp()
) ENGINE=InnoDB DEFAULT CHARSET=utf8mb4;

--
-- Dumping data for table `cart_list`
--

INSERT INTO `cart_list` (`id`, `product_id`, `qty`, `voucher_id`, `user_id`, `date_added`) VALUES
(2, 4, 1, 0, 12, '2020-12-17 00:46:05');

-- --------------------------------------------------------

--
-- Table structure for table `ci_sessions`
--

CREATE TABLE `ci_sessions` (
  `id` varchar(128) NOT NULL,
  `ip_address` varchar(45) NOT NULL,
  `timestamp` int(10) UNSIGNED NOT NULL DEFAULT 0,
  `data` blob NOT NULL
) ENGINE=InnoDB DEFAULT CHARSET=utf8mb4;

--
-- Dumping data for table `ci_sessions`
--

INSERT INTO `ci_sessions` (`id`, `ip_address`, `timestamp`, `data`) VALUES
('q52ihbiu6q2nmgj6verm593majmhphik', '::1', 1596774432, 0x5f5f63695f6c6173745f726567656e65726174657c693a313539363737343433323b757365725f69647c733a313a2238223b66697273746e616d657c733a353a2261646d696e223b6c6173746e616d657c733a353a2261646d696e223b6163636573735f746f6b656e7c733a303a22223b70686f6e655f6e756d6265727c733a303a22223b656d61696c7c733a353a2261646d696e223b747970657c733a313a2231223b7374617475737c733a313a2231223b64656c6574655f666c61677c733a313a2230223b646174655f637265617465647c733a31393a22323032302d30352d30362030303a30343a3137223b),
('na7fdoi4rf5rhb926qaj0spemloov2io', '::1', 1596774433, 0x5f5f63695f6c6173745f726567656e65726174657c693a313539363737343433323b757365725f69647c733a313a2238223b66697273746e616d657c733a353a2261646d696e223b6c6173746e616d657c733a353a2261646d696e223b6163636573735f746f6b656e7c733a303a22223b70686f6e655f6e756d6265727c733a303a22223b656d61696c7c733a353a2261646d696e223b747970657c733a313a2231223b7374617475737c733a313a2231223b64656c6574655f666c61677c733a313a2230223b646174655f637265617465647c733a31393a22323032302d30352d30362030303a30343a3137223b),
('51ing5i0hdil5usr6aclvbrjfrubgdj8', '::1', 1598961580, 0x5f5f63695f6c6173745f726567656e65726174657c693a313539383936313536383b757365725f69647c733a313a2238223b66697273746e616d657c733a353a2261646d696e223b6c6173746e616d657c733a353a2261646d696e223b6163636573735f746f6b656e7c733a303a22223b70686f6e655f6e756d6265727c733a303a22223b656d61696c7c733a353a2261646d696e223b747970657c733a313a2231223b7374617475737c733a313a2231223b64656c6574655f666c61677c733a313a2230223b646174655f637265617465647c733a31393a22323032302d30352d30362030303a30343a3137223b),
('nok5qlradb6dno26pncne0v403p277se', '::1', 1598963629, 0x5f5f63695f6c6173745f726567656e65726174657c693a313539383936333535353b757365725f69647c733a313a2238223b66697273746e616d657c733a353a2261646d696e223b6c6173746e616d657c733a353a2261646d696e223b6163636573735f746f6b656e7c733a303a22223b70686f6e655f6e756d6265727c733a303a22223b656d61696c7c733a353a2261646d696e223b747970657c733a313a2231223b7374617475737c733a313a2231223b64656c6574655f666c61677c733a313a2230223b646174655f637265617465647c733a31393a22323032302d30352d30362030303a30343a3137223b),
('nlvbbmcv9dilh6lie55l6je9ujrfcjv2', '::1', 1599042464, 0x5f5f63695f6c6173745f726567656e65726174657c693a313539393034323436333b),
('0mll71p577dnhfvktbpnhv56d047kcpo', '::1', 1599474930, 0x5f5f63695f6c6173745f726567656e65726174657c693a313539393437343932393b),
('g26j6u57vr3dqi7201pbr4rcm9be2bn8', '::1', 1599573501, 0x5f5f63695f6c6173745f726567656e65726174657c693a313539393537333439313b757365725f69647c733a313a2238223b66697273746e616d657c733a353a2261646d696e223b6c6173746e616d657c733a353a2261646d696e223b6163636573735f746f6b656e7c733a303a22223b70686f6e655f6e756d6265727c733a303a22223b656d61696c7c733a353a2261646d696e223b747970657c733a313a2231223b7374617475737c733a313a2231223b64656c6574655f666c61677c733a313a2230223b646174655f637265617465647c733a31393a22323032302d30352d30362030303a30343a3137223b),
('307vque1l8i11nv3a0p2endu803d1mk9', '::1', 1608164877, 0x5f5f63695f6c6173745f726567656e65726174657c693a313630383136343837373b757365725f69647c733a313a2231223b66697273746e616d657c733a353a227375706572223b6c6173746e616d657c733a353a2261646d696e223b6163636573735f746f6b656e7c733a303a22223b70686f6e655f6e756d6265727c733a303a22223b656d61696c7c733a31313a2273757065725f61646d696e223b747970657c733a313a2231223b7374617475737c733a313a2231223b64656c6574655f666c61677c733a313a2230223b646174655f637265617465647c733a31393a22323032302d30352d30332030313a31323a3533223b),
('jv2snjsqhqf0jhuuj1pbptman5f77aft', '::1', 1608165309, 0x5f5f63695f6c6173745f726567656e65726174657c693a313630383136353330393b757365725f69647c733a313a2231223b66697273746e616d657c733a353a227375706572223b6c6173746e616d657c733a353a2261646d696e223b6163636573735f746f6b656e7c733a303a22223b70686f6e655f6e756d6265727c733a303a22223b656d61696c7c733a31313a2273757065725f61646d696e223b747970657c733a313a2231223b7374617475737c733a313a2231223b64656c6574655f666c61677c733a313a2230223b646174655f637265617465647c733a31393a22323032302d30352d30332030313a31323a3533223b),
('m89dpsapgtv8c2nqik3t80pvhhr9qrt7', '::1', 1608165781, 0x5f5f63695f6c6173745f726567656e65726174657c693a313630383136353738313b757365725f69647c733a313a2231223b66697273746e616d657c733a353a227375706572223b6c6173746e616d657c733a353a2261646d696e223b6163636573735f746f6b656e7c733a303a22223b70686f6e655f6e756d6265727c733a303a22223b656d61696c7c733a31313a2273757065725f61646d696e223b747970657c733a313a2231223b7374617475737c733a313a2231223b64656c6574655f666c61677c733a313a2230223b646174655f637265617465647c733a31393a22323032302d30352d30332030313a31323a3533223b),
('50os1bg9kv69mqij0rdlcl2mn35ios7h', '::1', 1608165966, 0x5f5f63695f6c6173745f726567656e65726174657c693a313630383136353936363b66697273746e616d657c733a343a224a6f686e223b6c6173746e616d657c733a353a22536d697468223b656d61696c7c733a31373a226a736d6974684073616d706c652e636f6d223b70686f6e655f6e756d6265727c733a31303a2232333132333331313233223b747970657c693a353b757365725f69647c693a31323b),
('9fbrjrj0v1r4t7lbpdc6n46q5lkbr5su', '::1', 1608166409, 0x5f5f63695f6c6173745f726567656e65726174657c693a313630383136363430393b757365725f69647c733a313a2231223b66697273746e616d657c733a353a227375706572223b6c6173746e616d657c733a353a2261646d696e223b6163636573735f746f6b656e7c733a303a22223b70686f6e655f6e756d6265727c733a303a22223b656d61696c7c733a31313a2273757065725f61646d696e223b747970657c733a313a2231223b7374617475737c733a313a2231223b64656c6574655f666c61677c733a313a2230223b646174655f637265617465647c733a31393a22323032302d30352d30332030313a31323a3533223b),
('o7tgg0ka6vol7hl1ga9pfv0fo00dmjbj', '::1', 1608166392, 0x5f5f63695f6c6173745f726567656e65726174657c693a313630383136363339323b757365725f69647c733a323a223132223b66697273746e616d657c733a343a224a6f686e223b6c6173746e616d657c733a353a22536d697468223b6163636573735f746f6b656e7c733a303a22223b70686f6e655f6e756d6265727c733a31303a2232333132333331313233223b656d61696c7c733a31373a226a736d6974684073616d706c652e636f6d223b747970657c733a313a2235223b7374617475737c733a313a2231223b64656c6574655f666c61677c733a313a2230223b646174655f637265617465647c733a31393a22323032302d31322d31372030383a34303a3236223b),
('i1dqs6k5p5ba15gcta97vn9fd9l3d4sl', '::1', 1608173801, 0x5f5f63695f6c6173745f726567656e65726174657c693a313630383137333830313b757365725f69647c733a313a2231223b66697273746e616d657c733a353a227375706572223b6c6173746e616d657c733a353a2261646d696e223b6163636573735f746f6b656e7c733a303a22223b70686f6e655f6e756d6265727c733a303a22223b656d61696c7c733a31313a2273757065725f61646d696e223b747970657c733a313a2231223b7374617475737c733a313a2231223b64656c6574655f666c61677c733a313a2230223b646174655f637265617465647c733a31393a22323032302d30352d30332030313a31323a3533223b),
('8tbi889q8snc46rv9mk01f95ili0lnuj', '::1', 1608166943, 0x5f5f63695f6c6173745f726567656e65726174657c693a313630383136363934333b757365725f69647c733a323a223132223b66697273746e616d657c733a343a224a6f686e223b6c6173746e616d657c733a353a22536d697468223b6163636573735f746f6b656e7c733a303a22223b70686f6e655f6e756d6265727c733a31303a2232333132333331313233223b656d61696c7c733a31373a226a736d6974684073616d706c652e636f6d223b747970657c733a313a2235223b7374617475737c733a313a2231223b64656c6574655f666c61677c733a313a2230223b646174655f637265617465647c733a31393a22323032302d31322d31372030383a34303a3236223b),
('bvaq4l01asprals8e32tmpccc0tg7rlt', '::1', 1608177162, 0x5f5f63695f6c6173745f726567656e65726174657c693a313630383137373136323b757365725f69647c733a323a223132223b66697273746e616d657c733a343a224a6f686e223b6c6173746e616d657c733a353a22536d697468223b6163636573735f746f6b656e7c733a303a22223b70686f6e655f6e756d6265727c733a31303a2232333132333331313233223b656d61696c7c733a31373a226a736d6974684073616d706c652e636f6d223b747970657c733a313a2235223b7374617475737c733a313a2231223b64656c6574655f666c61677c733a313a2230223b646174655f637265617465647c733a31393a22323032302d31322d31372030383a34303a3236223b),
('iqqfeu9en5jrt3e7sdg9j41d3bip3t64', '::1', 1608177156, 0x5f5f63695f6c6173745f726567656e65726174657c693a313630383137373135363b757365725f69647c733a313a2231223b66697273746e616d657c733a353a227375706572223b6c6173746e616d657c733a353a2261646d696e223b6163636573735f746f6b656e7c733a303a22223b70686f6e655f6e756d6265727c733a303a22223b656d61696c7c733a31313a2273757065725f61646d696e223b747970657c733a313a2231223b7374617475737c733a313a2231223b64656c6574655f666c61677c733a313a2230223b646174655f637265617465647c733a31393a22323032302d30352d30332030313a31323a3533223b),
('1goavnmmtj8tpsncoem7ipfdosfsn3u7', '::1', 1608186589, 0x5f5f63695f6c6173745f726567656e65726174657c693a313630383138363538393b757365725f69647c733a313a2231223b66697273746e616d657c733a353a227375706572223b6c6173746e616d657c733a353a2261646d696e223b6163636573735f746f6b656e7c733a303a22223b70686f6e655f6e756d6265727c733a303a22223b656d61696c7c733a31313a2273757065725f61646d696e223b747970657c733a313a2231223b7374617475737c733a313a2231223b64656c6574655f666c61677c733a313a2230223b646174655f637265617465647c733a31393a22323032302d30352d30332030313a31323a3533223b),
('p1qb4m8su6n5853r4qk0o1vpefsstb43', '::1', 1608177335, 0x5f5f63695f6c6173745f726567656e65726174657c693a313630383137373136323b757365725f69647c733a323a223132223b66697273746e616d657c733a343a224a6f686e223b6c6173746e616d657c733a353a22536d697468223b6163636573735f746f6b656e7c733a303a22223b70686f6e655f6e756d6265727c733a31303a2232333132333331313233223b656d61696c7c733a31373a226a736d6974684073616d706c652e636f6d223b747970657c733a313a2235223b7374617475737c733a313a2231223b64656c6574655f666c61677c733a313a2230223b646174655f637265617465647c733a31393a22323032302d31322d31372030383a34303a3236223b),
('suhouccjodd2rkr5tjson86ie5itcrt7', '::1', 1608187359, 0x5f5f63695f6c6173745f726567656e65726174657c693a313630383138373335393b757365725f69647c733a313a2231223b66697273746e616d657c733a353a227375706572223b6c6173746e616d657c733a353a2261646d696e223b6163636573735f746f6b656e7c733a303a22223b70686f6e655f6e756d6265727c733a303a22223b656d61696c7c733a31313a2273757065725f61646d696e223b747970657c733a313a2231223b7374617475737c733a313a2231223b64656c6574655f666c61677c733a313a2230223b646174655f637265617465647c733a31393a22323032302d30352d30332030313a31323a3533223b),
('2vus7t68vrforbdv91ds5a406unf69fl', '::1', 1608187696, 0x5f5f63695f6c6173745f726567656e65726174657c693a313630383138373639363b757365725f69647c733a313a2231223b66697273746e616d657c733a353a227375706572223b6c6173746e616d657c733a353a2261646d696e223b6163636573735f746f6b656e7c733a303a22223b70686f6e655f6e756d6265727c733a303a22223b656d61696c7c733a31313a2273757065725f61646d696e223b747970657c733a313a2231223b7374617475737c733a313a2231223b64656c6574655f666c61677c733a313a2230223b646174655f637265617465647c733a31393a22323032302d30352d30332030313a31323a3533223b),
('tsh3hskbl91os6p7bn5uh4crpbai29m3', '::1', 1608188178, 0x5f5f63695f6c6173745f726567656e65726174657c693a313630383138383137383b757365725f69647c733a313a2231223b66697273746e616d657c733a353a227375706572223b6c6173746e616d657c733a353a2261646d696e223b6163636573735f746f6b656e7c733a303a22223b70686f6e655f6e756d6265727c733a303a22223b656d61696c7c733a31313a2273757065725f61646d696e223b747970657c733a313a2231223b7374617475737c733a313a2231223b64656c6574655f666c61677c733a313a2230223b646174655f637265617465647c733a31393a22323032302d30352d30332030313a31323a3533223b),
('kj8ib2eg1eoo82l40n7nuodib5krtn6n', '::1', 1608188482, 0x5f5f63695f6c6173745f726567656e65726174657c693a313630383138383438323b757365725f69647c733a313a2231223b66697273746e616d657c733a353a227375706572223b6c6173746e616d657c733a353a2261646d696e223b6163636573735f746f6b656e7c733a303a22223b70686f6e655f6e756d6265727c733a303a22223b656d61696c7c733a31313a2273757065725f61646d696e223b747970657c733a313a2231223b7374617475737c733a313a2231223b64656c6574655f666c61677c733a313a2230223b646174655f637265617465647c733a31393a22323032302d30352d30332030313a31323a3533223b),
('2ef7764jnkf8bnnn7trmlaer4ikna6ss', '::1', 1608188796, 0x5f5f63695f6c6173745f726567656e65726174657c693a313630383138383739363b757365725f69647c733a313a2231223b66697273746e616d657c733a353a227375706572223b6c6173746e616d657c733a353a2261646d696e223b6163636573735f746f6b656e7c733a303a22223b70686f6e655f6e756d6265727c733a303a22223b656d61696c7c733a31313a2273757065725f61646d696e223b747970657c733a313a2231223b7374617475737c733a313a2231223b64656c6574655f666c61677c733a313a2230223b646174655f637265617465647c733a31393a22323032302d30352d30332030313a31323a3533223b),
('urcd84lcebqp7jornuompg9spts7v6k1', '::1', 1608189316, 0x5f5f63695f6c6173745f726567656e65726174657c693a313630383138393331363b757365725f69647c733a313a2231223b66697273746e616d657c733a353a227375706572223b6c6173746e616d657c733a353a2261646d696e223b6163636573735f746f6b656e7c733a303a22223b70686f6e655f6e756d6265727c733a303a22223b656d61696c7c733a31313a2273757065725f61646d696e223b747970657c733a313a2231223b7374617475737c733a313a2231223b64656c6574655f666c61677c733a313a2230223b646174655f637265617465647c733a31393a22323032302d30352d30332030313a31323a3533223b),
('m6lo1654lq3hvn93cvice903012p9n18', '::1', 1608189618, 0x5f5f63695f6c6173745f726567656e65726174657c693a313630383138393631383b757365725f69647c733a313a2231223b66697273746e616d657c733a353a227375706572223b6c6173746e616d657c733a353a2261646d696e223b6163636573735f746f6b656e7c733a303a22223b70686f6e655f6e756d6265727c733a303a22223b656d61696c7c733a31313a2273757065725f61646d696e223b747970657c733a313a2231223b7374617475737c733a313a2231223b64656c6574655f666c61677c733a313a2230223b646174655f637265617465647c733a31393a22323032302d30352d30332030313a31323a3533223b),
('8dqd6s413djk68klkrjjitvalrkaiqa7', '::1', 1608189840, 0x5f5f63695f6c6173745f726567656e65726174657c693a313630383138393631383b757365725f69647c733a313a2231223b66697273746e616d657c733a353a227375706572223b6c6173746e616d657c733a353a2261646d696e223b6163636573735f746f6b656e7c733a303a22223b70686f6e655f6e756d6265727c733a303a22223b656d61696c7c733a31313a2273757065725f61646d696e223b747970657c733a313a2231223b7374617475737c733a313a2231223b64656c6574655f666c61677c733a313a2230223b646174655f637265617465647c733a31393a22323032302d30352d30332030313a31323a3533223b),
('gjhk5bl46r5663kqgacd9ltudd9141ff', '::1', 1608190250, 0x5f5f63695f6c6173745f726567656e65726174657c693a313630383139303235303b757365725f69647c733a313a2231223b66697273746e616d657c733a353a227375706572223b6c6173746e616d657c733a353a2261646d696e223b6163636573735f746f6b656e7c733a303a22223b70686f6e655f6e756d6265727c733a303a22223b656d61696c7c733a31313a2273757065725f61646d696e223b747970657c733a313a2231223b7374617475737c733a313a2231223b64656c6574655f666c61677c733a313a2230223b646174655f637265617465647c733a31393a22323032302d30352d30332030313a31323a3533223b),
('31upgj87dqnhfmad4vrnpb9mggv6o3vn', '::1', 1608190633, 0x5f5f63695f6c6173745f726567656e65726174657c693a313630383139303633333b757365725f69647c733a313a2231223b66697273746e616d657c733a353a227375706572223b6c6173746e616d657c733a353a2261646d696e223b6163636573735f746f6b656e7c733a303a22223b70686f6e655f6e756d6265727c733a303a22223b656d61696c7c733a31313a2273757065725f61646d696e223b747970657c733a313a2231223b7374617475737c733a313a2231223b64656c6574655f666c61677c733a313a2230223b646174655f637265617465647c733a31393a22323032302d30352d30332030313a31323a3533223b),
('jplrkbi2o3gdg7djri4nau76rkeirsdl', '::1', 1608190962, 0x5f5f63695f6c6173745f726567656e65726174657c693a313630383139303936323b757365725f69647c733a313a2231223b66697273746e616d657c733a353a227375706572223b6c6173746e616d657c733a353a2261646d696e223b6163636573735f746f6b656e7c733a303a22223b70686f6e655f6e756d6265727c733a303a22223b656d61696c7c733a31313a2273757065725f61646d696e223b747970657c733a313a2231223b7374617475737c733a313a2231223b64656c6574655f666c61677c733a313a2230223b646174655f637265617465647c733a31393a22323032302d30352d30332030313a31323a3533223b),
('l4as0ls5eed9fogfv4biqj8id3lrof3n', '::1', 1608191402, 0x5f5f63695f6c6173745f726567656e65726174657c693a313630383139313430323b757365725f69647c733a313a2231223b66697273746e616d657c733a353a227375706572223b6c6173746e616d657c733a353a2261646d696e223b6163636573735f746f6b656e7c733a303a22223b70686f6e655f6e756d6265727c733a303a22223b656d61696c7c733a31313a2273757065725f61646d696e223b747970657c733a313a2231223b7374617475737c733a313a2231223b64656c6574655f666c61677c733a313a2230223b646174655f637265617465647c733a31393a22323032302d30352d30332030313a31323a3533223b),
('ojmqolr74unck94agtns23drrc120lpv', '::1', 1608191739, 0x5f5f63695f6c6173745f726567656e65726174657c693a313630383139313733393b757365725f69647c733a313a2231223b66697273746e616d657c733a353a227375706572223b6c6173746e616d657c733a353a2261646d696e223b6163636573735f746f6b656e7c733a303a22223b70686f6e655f6e756d6265727c733a303a22223b656d61696c7c733a31313a2273757065725f61646d696e223b747970657c733a313a2231223b7374617475737c733a313a2231223b64656c6574655f666c61677c733a313a2230223b646174655f637265617465647c733a31393a22323032302d30352d30332030313a31323a3533223b),
('74bb4fk1j010rf2rh5bocc2vb7sfdk45', '::1', 1608192151, 0x5f5f63695f6c6173745f726567656e65726174657c693a313630383139323135313b757365725f69647c733a323a223132223b66697273746e616d657c733a343a224a6f686e223b6c6173746e616d657c733a353a22536d697468223b6163636573735f746f6b656e7c733a303a22223b70686f6e655f6e756d6265727c733a31303a2232333132333331313233223b656d61696c7c733a31373a226a736d6974684073616d706c652e636f6d223b747970657c733a313a2235223b7374617475737c733a313a2231223b64656c6574655f666c61677c733a313a2230223b646174655f637265617465647c733a31393a22323032302d31322d31372030383a34303a3236223b),
('dv12j4d8am4jvq8evvbthvbjbhc6861m', '::1', 1608192453, 0x5f5f63695f6c6173745f726567656e65726174657c693a313630383139323435333b757365725f69647c733a323a223132223b66697273746e616d657c733a343a224a6f686e223b6c6173746e616d657c733a353a22536d697468223b6163636573735f746f6b656e7c733a303a22223b70686f6e655f6e756d6265727c733a31303a2232333132333331313233223b656d61696c7c733a31373a226a736d6974684073616d706c652e636f6d223b747970657c733a313a2235223b7374617475737c733a313a2231223b64656c6574655f666c61677c733a313a2230223b646174655f637265617465647c733a31393a22323032302d31322d31372030383a34303a3236223b),
('q41t9valgtudsuimvojfo9n6m18cccno', '::1', 1608192994, 0x5f5f63695f6c6173745f726567656e65726174657c693a313630383139323939343b757365725f69647c733a323a223132223b66697273746e616d657c733a343a224a6f686e223b6c6173746e616d657c733a353a22536d697468223b6163636573735f746f6b656e7c733a303a22223b70686f6e655f6e756d6265727c733a31303a2232333132333331313233223b656d61696c7c733a31373a226a736d6974684073616d706c652e636f6d223b747970657c733a313a2235223b7374617475737c733a313a2231223b64656c6574655f666c61677c733a313a2230223b646174655f637265617465647c733a31393a22323032302d31322d31372030383a34303a3236223b),
('mr3eqqderfoj3iq16h0gbj0ppcc7rd1p', '::1', 1608193339, 0x5f5f63695f6c6173745f726567656e65726174657c693a313630383139333333393b757365725f69647c733a323a223132223b66697273746e616d657c733a343a224a6f686e223b6c6173746e616d657c733a353a22536d697468223b6163636573735f746f6b656e7c733a303a22223b70686f6e655f6e756d6265727c733a31303a2232333132333331313233223b656d61696c7c733a31373a226a736d6974684073616d706c652e636f6d223b747970657c733a313a2235223b7374617475737c733a313a2231223b64656c6574655f666c61677c733a313a2230223b646174655f637265617465647c733a31393a22323032302d31322d31372030383a34303a3236223b),
('hcnsgdifdk57i2g2i2jg8s0qir8e3e1g', '::1', 1608193904, 0x5f5f63695f6c6173745f726567656e65726174657c693a313630383139333930343b757365725f69647c733a323a223132223b66697273746e616d657c733a343a224a6f686e223b6c6173746e616d657c733a353a22536d697468223b6163636573735f746f6b656e7c733a303a22223b70686f6e655f6e756d6265727c733a31303a2232333132333331313233223b656d61696c7c733a31373a226a736d6974684073616d706c652e636f6d223b747970657c733a313a2235223b7374617475737c733a313a2231223b64656c6574655f666c61677c733a313a2230223b646174655f637265617465647c733a31393a22323032302d31322d31372030383a34303a3236223b),
('3gob2juf9s6pg67a9iokro1h67m6d5ik', '::1', 1608194333, 0x5f5f63695f6c6173745f726567656e65726174657c693a313630383139343333333b757365725f69647c733a313a2231223b66697273746e616d657c733a353a227375706572223b6c6173746e616d657c733a353a2261646d696e223b6163636573735f746f6b656e7c733a303a22223b70686f6e655f6e756d6265727c733a303a22223b656d61696c7c733a31313a2273757065725f61646d696e223b747970657c733a313a2231223b7374617475737c733a313a2231223b64656c6574655f666c61677c733a313a2230223b646174655f637265617465647c733a31393a22323032302d30352d30332030313a31323a3533223b),
('2halt6hqu71di6prh7gici4q1q042u0j', '::1', 1608194637, 0x5f5f63695f6c6173745f726567656e65726174657c693a313630383139343633373b757365725f69647c733a313a2231223b66697273746e616d657c733a353a227375706572223b6c6173746e616d657c733a353a2261646d696e223b6163636573735f746f6b656e7c733a303a22223b70686f6e655f6e756d6265727c733a303a22223b656d61696c7c733a31313a2273757065725f61646d696e223b747970657c733a313a2231223b7374617475737c733a313a2231223b64656c6574655f666c61677c733a313a2230223b646174655f637265617465647c733a31393a22323032302d30352d30332030313a31323a3533223b),
('t6lq4713u4rnsc2db34g91c8bsdmlmhu', '::1', 1608195204, 0x5f5f63695f6c6173745f726567656e65726174657c693a313630383139353230343b757365725f69647c733a313a2231223b66697273746e616d657c733a353a227375706572223b6c6173746e616d657c733a353a2261646d696e223b6163636573735f746f6b656e7c733a303a22223b70686f6e655f6e756d6265727c733a303a22223b656d61696c7c733a31313a2273757065725f61646d696e223b747970657c733a313a2231223b7374617475737c733a313a2231223b64656c6574655f666c61677c733a313a2230223b646174655f637265617465647c733a31393a22323032302d30352d30332030313a31323a3533223b),
('0ja2ga1bienr60jkm2k81vi6bo88f88c', '::1', 1608195586, 0x5f5f63695f6c6173745f726567656e65726174657c693a313630383139353538363b757365725f69647c733a313a2231223b66697273746e616d657c733a353a227375706572223b6c6173746e616d657c733a353a2261646d696e223b6163636573735f746f6b656e7c733a303a22223b70686f6e655f6e756d6265727c733a303a22223b656d61696c7c733a31313a2273757065725f61646d696e223b747970657c733a313a2231223b7374617475737c733a313a2231223b64656c6574655f666c61677c733a313a2230223b646174655f637265617465647c733a31393a22323032302d30352d30332030313a31323a3533223b),
('l8gih254ebhqrre3gospufj3oqigipr2', '::1', 1608195873, 0x5f5f63695f6c6173745f726567656e65726174657c693a313630383139353538363b757365725f69647c733a313a2231223b66697273746e616d657c733a353a227375706572223b6c6173746e616d657c733a353a2261646d696e223b6163636573735f746f6b656e7c733a303a22223b70686f6e655f6e756d6265727c733a303a22223b656d61696c7c733a31313a2273757065725f61646d696e223b747970657c733a313a2231223b7374617475737c733a313a2231223b64656c6574655f666c61677c733a313a2230223b646174655f637265617465647c733a31393a22323032302d30352d30332030313a31323a3533223b),
('7n80oco1j9soe86korikfrroo7qe73ir', '::1', 1608252506, 0x5f5f63695f6c6173745f726567656e65726174657c693a313630383235323530363b757365725f69647c733a313a2231223b66697273746e616d657c733a353a227375706572223b6c6173746e616d657c733a353a2261646d696e223b6163636573735f746f6b656e7c733a303a22223b70686f6e655f6e756d6265727c733a303a22223b656d61696c7c733a31313a2273757065725f61646d696e223b747970657c733a313a2231223b7374617475737c733a313a2231223b64656c6574655f666c61677c733a313a2230223b646174655f637265617465647c733a31393a22323032302d30352d30332030313a31323a3533223b),
('4p19pjbinh6o8cl2vnde80a7ucg9d2uu', '127.0.0.1', 1608252929, 0x5f5f63695f6c6173745f726567656e65726174657c693a313630383235323932393b757365725f69647c733a313a2231223b66697273746e616d657c733a353a227375706572223b6c6173746e616d657c733a353a2261646d696e223b6163636573735f746f6b656e7c733a303a22223b70686f6e655f6e756d6265727c733a303a22223b656d61696c7c733a31313a2273757065725f61646d696e223b747970657c733a313a2231223b7374617475737c733a313a2231223b64656c6574655f666c61677c733a313a2230223b646174655f637265617465647c733a31393a22323032302d30352d30332030313a31323a3533223b),
('r809rebko40ec8d47broba3tj112g4lu', '127.0.0.1', 1608253257, 0x5f5f63695f6c6173745f726567656e65726174657c693a313630383235333235373b757365725f69647c733a313a2231223b66697273746e616d657c733a353a227375706572223b6c6173746e616d657c733a353a2261646d696e223b6163636573735f746f6b656e7c733a303a22223b70686f6e655f6e756d6265727c733a303a22223b656d61696c7c733a31313a2273757065725f61646d696e223b747970657c733a313a2231223b7374617475737c733a313a2231223b64656c6574655f666c61677c733a313a2230223b646174655f637265617465647c733a31393a22323032302d30352d30332030313a31323a3533223b),
('rjkd0rooulvsrvaq10sa6srlnn3a5467', '127.0.0.1', 1608253575, 0x5f5f63695f6c6173745f726567656e65726174657c693a313630383235333537353b757365725f69647c733a313a2231223b66697273746e616d657c733a353a227375706572223b6c6173746e616d657c733a353a2261646d696e223b6163636573735f746f6b656e7c733a303a22223b70686f6e655f6e756d6265727c733a303a22223b656d61696c7c733a31313a2273757065725f61646d696e223b747970657c733a313a2231223b7374617475737c733a313a2231223b64656c6574655f666c61677c733a313a2230223b646174655f637265617465647c733a31393a22323032302d30352d30332030313a31323a3533223b),
('2r2i14eavce9445t6hrqrpvun90dtdf4', '127.0.0.1', 1608254394, 0x5f5f63695f6c6173745f726567656e65726174657c693a313630383235343339343b757365725f69647c733a313a2231223b66697273746e616d657c733a353a227375706572223b6c6173746e616d657c733a353a2261646d696e223b6163636573735f746f6b656e7c733a303a22223b70686f6e655f6e756d6265727c733a303a22223b656d61696c7c733a31313a2273757065725f61646d696e223b747970657c733a313a2231223b7374617475737c733a313a2231223b64656c6574655f666c61677c733a313a2230223b646174655f637265617465647c733a31393a22323032302d30352d30332030313a31323a3533223b),
('nlkddtv1niaqkplp93ti41ck4cee4a6j', '127.0.0.1', 1608254757, 0x5f5f63695f6c6173745f726567656e65726174657c693a313630383235343735373b757365725f69647c733a313a2231223b66697273746e616d657c733a353a227375706572223b6c6173746e616d657c733a353a2261646d696e223b6163636573735f746f6b656e7c733a303a22223b70686f6e655f6e756d6265727c733a303a22223b656d61696c7c733a31313a2273757065725f61646d696e223b747970657c733a313a2231223b7374617475737c733a313a2231223b64656c6574655f666c61677c733a313a2230223b646174655f637265617465647c733a31393a22323032302d30352d30332030313a31323a3533223b),
('sujl1r2qjbdetqj3b58q07i6n67cc4up', '127.0.0.1', 1608255094, 0x5f5f63695f6c6173745f726567656e65726174657c693a313630383235353039343b757365725f69647c733a313a2231223b66697273746e616d657c733a353a227375706572223b6c6173746e616d657c733a353a2261646d696e223b6163636573735f746f6b656e7c733a303a22223b70686f6e655f6e756d6265727c733a303a22223b656d61696c7c733a31313a2273757065725f61646d696e223b747970657c733a313a2231223b7374617475737c733a313a2231223b64656c6574655f666c61677c733a313a2230223b646174655f637265617465647c733a31393a22323032302d30352d30332030313a31323a3533223b),
('oq36ifijqphd0g44trciabtjv9fs861m', '127.0.0.1', 1608255429, 0x5f5f63695f6c6173745f726567656e65726174657c693a313630383235353432393b757365725f69647c733a313a2231223b66697273746e616d657c733a353a227375706572223b6c6173746e616d657c733a353a2261646d696e223b6163636573735f746f6b656e7c733a303a22223b70686f6e655f6e756d6265727c733a303a22223b656d61696c7c733a31313a2273757065725f61646d696e223b747970657c733a313a2231223b7374617475737c733a313a2231223b64656c6574655f666c61677c733a313a2230223b646174655f637265617465647c733a31393a22323032302d30352d30332030313a31323a3533223b),
('p54a2c3cckvqt9oh9vmn50u9k8jdujpd', '127.0.0.1', 1608256172, 0x5f5f63695f6c6173745f726567656e65726174657c693a313630383235363137323b757365725f69647c733a313a2231223b66697273746e616d657c733a353a227375706572223b6c6173746e616d657c733a353a2261646d696e223b6163636573735f746f6b656e7c733a303a22223b70686f6e655f6e756d6265727c733a303a22223b656d61696c7c733a31313a2273757065725f61646d696e223b747970657c733a313a2231223b7374617475737c733a313a2231223b64656c6574655f666c61677c733a313a2230223b646174655f637265617465647c733a31393a22323032302d30352d30332030313a31323a3533223b),
('mr3p7qkr9mb76c43t5j0i8joiefttg88', '127.0.0.1', 1608256732, 0x5f5f63695f6c6173745f726567656e65726174657c693a313630383235363733323b757365725f69647c733a313a2231223b66697273746e616d657c733a353a227375706572223b6c6173746e616d657c733a353a2261646d696e223b6163636573735f746f6b656e7c733a303a22223b70686f6e655f6e756d6265727c733a303a22223b656d61696c7c733a31313a2273757065725f61646d696e223b747970657c733a313a2231223b7374617475737c733a313a2231223b64656c6574655f666c61677c733a313a2230223b646174655f637265617465647c733a31393a22323032302d30352d30332030313a31323a3533223b73797374656d7c613a353a7b733a343a226e616d65223b733a31303a2243616c6c65204c756e61223b733a353a227469746c65223b733a34313a2243616c6c65204c756e6120436166652053616c657320616e64204f72646572696e672053797374656d223b733a373a2261646472657373223b733a36353a22506c61726964656c2c20416e746f6e696f204c756e612053742e2c20427267792e20312c2053696c61792043697479202c204e65672e204f63632e2c2036313136223b733a363a2266625f75726c223b733a33393a2268747470733a2f2f7777772e66616365626f6f6b2e636f6d2f63616c6c656c756e61303832312f223b733a353a22656d61696c223b733a32333a2263616c6c656c756e6130383231407961686f6f2e636f6d223b7d),
('8prgmcebra5cnf02o398uqmq8cn4rkvp', '127.0.0.1', 1608256912, 0x5f5f63695f6c6173745f726567656e65726174657c693a313630383235363733323b757365725f69647c733a313a2231223b66697273746e616d657c733a353a227375706572223b6c6173746e616d657c733a353a2261646d696e223b6163636573735f746f6b656e7c733a303a22223b70686f6e655f6e756d6265727c733a303a22223b656d61696c7c733a31313a2273757065725f61646d696e223b747970657c733a313a2231223b7374617475737c733a313a2231223b64656c6574655f666c61677c733a313a2230223b646174655f637265617465647c733a31393a22323032302d30352d30332030313a31323a3533223b73797374656d7c613a353a7b733a343a226e616d65223b733a31303a2243616c6c65204c756e61223b733a353a227469746c65223b733a34313a2243616c6c65204c756e6120436166652053616c657320616e64204f72646572696e672053797374656d223b733a373a2261646472657373223b733a36353a22506c61726964656c2c20416e746f6e696f204c756e612053742e2c20427267792e20312c2053696c61792043697479202c204e65672e204f63632e2c2036313136223b733a363a2266625f75726c223b733a33393a2268747470733a2f2f7777772e66616365626f6f6b2e636f6d2f63616c6c656c756e61303832312f223b733a353a22656d61696c223b733a32333a2263616c6c656c756e6130383231407961686f6f2e636f6d223b7d),
('ave5u8k2kaeqcs0om7au8nd0f61r70aq', '::1', 1608359821, 0x5f5f63695f6c6173745f726567656e65726174657c693a313630383335393832313b757365725f69647c733a313a2231223b66697273746e616d657c733a353a227375706572223b6c6173746e616d657c733a353a2261646d696e223b6163636573735f746f6b656e7c733a303a22223b70686f6e655f6e756d6265727c733a303a22223b656d61696c7c733a31313a2273757065725f61646d696e223b747970657c733a313a2231223b7374617475737c733a313a2231223b64656c6574655f666c61677c733a313a2230223b646174655f637265617465647c733a31393a22323032302d30352d30332030313a31323a3533223b),
('4b5ar8d64ljmpe6dtic9hudja3677eua', '::1', 1608360142, 0x5f5f63695f6c6173745f726567656e65726174657c693a313630383336303134323b),
('2qiqkflpm0p23u0jh85egpksg3m1si2d', '::1', 1608360435, 0x5f5f63695f6c6173745f726567656e65726174657c693a313630383336303431393b73797374656d7c613a363a7b733a343a226e616d65223b733a31303a2243616c6c65204c756e61223b733a353a227469746c65223b733a31303a2243616c6c65204c756e61223b733a373a2261646472657373223b733a36333a22506c61726964656c2d416e746f6e696f204c756e612053742e2c20427267792e20312c2053696c617920436974792c204e65672e204f63632e2c2036313136223b733a363a2266625f75726c223b733a33393a2268747470733a2f2f7777772e66616365626f6f6b2e636f6d2f63616c6c656c756e61303832312f223b733a353a22656d61696c223b733a32333a2263616c6c656c756e6130383231407961686f6f2e636f6d223b733a343a226c6f676f223b733a33363a2275706c6f6164732f32303230313231393037343634365f72696f735f6c6f676f2e69636f223b7d),
('at9mvp5mogri6q83j0o4m4rpq9acas2n', '::1', 1608360807, 0x5f5f63695f6c6173745f726567656e65726174657c693a313630383336303830373b73797374656d7c613a363a7b733a343a226e616d65223b733a31303a2243616c6c65204c756e61223b733a353a227469746c65223b733a31303a2243616c6c65204c756e61223b733a373a2261646472657373223b733a36333a22506c61726964656c2d416e746f6e696f204c756e612053742e2c20427267792e20312c2053696c617920436974792c204e65672e204f63632e2c2036313136223b733a363a2266625f75726c223b733a33393a2268747470733a2f2f7777772e66616365626f6f6b2e636f6d2f63616c6c656c756e61303832312f223b733a353a22656d61696c223b733a32333a2263616c6c656c756e6130383231407961686f6f2e636f6d223b733a343a226c6f676f223b733a33363a2275706c6f6164732f32303230313231393037343634365f72696f735f6c6f676f2e69636f223b7d757365725f69647c733a313a2231223b66697273746e616d657c733a353a227375706572223b6c6173746e616d657c733a353a2261646d696e223b6163636573735f746f6b656e7c733a303a22223b70686f6e655f6e756d6265727c733a303a22223b656d61696c7c733a31313a2273757065725f61646d696e223b747970657c733a313a2231223b7374617475737c733a313a2231223b64656c6574655f666c61677c733a313a2230223b646174655f637265617465647c733a31393a22323032302d30352d30332030313a31323a3533223b),
('1qhvlll9h0ikmfhcuidagpnja7pcfn3f', '::1', 1608361209, 0x5f5f63695f6c6173745f726567656e65726174657c693a313630383336313230393b73797374656d7c613a363a7b733a343a226e616d65223b733a31303a2243616c6c65204c756e61223b733a353a227469746c65223b733a31303a2243616c6c65204c756e61223b733a373a2261646472657373223b733a36333a22506c61726964656c2d416e746f6e696f204c756e612053742e2c20427267792e20312c2053696c617920436974792c204e65672e204f63632e2c2036313136223b733a363a2266625f75726c223b733a33393a2268747470733a2f2f7777772e66616365626f6f6b2e636f6d2f63616c6c656c756e61303832312f223b733a353a22656d61696c223b733a32333a2263616c6c656c756e6130383231407961686f6f2e636f6d223b733a343a226c6f676f223b733a33363a2275706c6f6164732f32303230313231393037343634365f72696f735f6c6f676f2e69636f223b7d757365725f69647c733a313a2231223b66697273746e616d657c733a353a227375706572223b6c6173746e616d657c733a353a2261646d696e223b6163636573735f746f6b656e7c733a303a22223b70686f6e655f6e756d6265727c733a303a22223b656d61696c7c733a31313a2273757065725f61646d696e223b747970657c733a313a2231223b7374617475737c733a313a2231223b64656c6574655f666c61677c733a313a2230223b646174655f637265617465647c733a31393a22323032302d30352d30332030313a31323a3533223b),
('2t3hp8lr8n2r0j8hvvpov59ukdcuqt2i', '::1', 1608363199, 0x5f5f63695f6c6173745f726567656e65726174657c693a313630383336333139393b73797374656d7c613a363a7b733a343a226e616d65223b733a31303a2243616c6c65204c756e61223b733a353a227469746c65223b733a31303a2243616c6c65204c756e61223b733a373a2261646472657373223b733a36333a22506c61726964656c2d416e746f6e696f204c756e612053742e2c20427267792e20312c2053696c617920436974792c204e65672e204f63632e2c2036313136223b733a363a2266625f75726c223b733a33393a2268747470733a2f2f7777772e66616365626f6f6b2e636f6d2f63616c6c656c756e61303832312f223b733a353a22656d61696c223b733a32333a2263616c6c656c756e6130383231407961686f6f2e636f6d223b733a343a226c6f676f223b733a33363a2275706c6f6164732f32303230313231393037343634365f72696f735f6c6f676f2e69636f223b7d757365725f69647c733a323a223131223b66697273746e616d657c733a373a2243617368696572223b6c6173746e616d657c733a343a2253696465223b6163636573735f746f6b656e7c733a303a22223b70686f6e655f6e756d6265727c733a303a22223b656d61696c7c733a373a2263617368696572223b747970657c733a313a2233223b7374617475737c733a313a2231223b64656c6574655f666c61677c733a313a2230223b646174655f637265617465647c733a31393a22323032302d30352d30362030303a35323a3036223b),
('1tv0s6v5nuirmu7dfldr9fb6bls171kq', '::1', 1608363638, 0x5f5f63695f6c6173745f726567656e65726174657c693a313630383336333633383b73797374656d7c613a363a7b733a343a226e616d65223b733a31303a2243616c6c65204c756e61223b733a353a227469746c65223b733a31303a2243616c6c65204c756e61223b733a373a2261646472657373223b733a36333a22506c61726964656c2d416e746f6e696f204c756e612053742e2c20427267792e20312c2053696c617920436974792c204e65672e204f63632e2c2036313136223b733a363a2266625f75726c223b733a33393a2268747470733a2f2f7777772e66616365626f6f6b2e636f6d2f63616c6c656c756e61303832312f223b733a353a22656d61696c223b733a32333a2263616c6c656c756e6130383231407961686f6f2e636f6d223b733a343a226c6f676f223b733a33363a2275706c6f6164732f32303230313231393037343634365f72696f735f6c6f676f2e69636f223b7d757365725f69647c733a323a223131223b66697273746e616d657c733a373a2243617368696572223b6c6173746e616d657c733a343a2253696465223b6163636573735f746f6b656e7c733a303a22223b70686f6e655f6e756d6265727c733a303a22223b656d61696c7c733a373a2263617368696572223b747970657c733a313a2233223b7374617475737c733a313a2231223b64656c6574655f666c61677c733a313a2230223b646174655f637265617465647c733a31393a22323032302d30352d30362030303a35323a3036223b),
('075ilnm3vpggn94v2d2qvuvsi4pnkk2q', '::1', 1608363974, 0x5f5f63695f6c6173745f726567656e65726174657c693a313630383336333937343b73797374656d7c613a363a7b733a343a226e616d65223b733a31303a2243616c6c65204c756e61223b733a353a227469746c65223b733a31303a2243616c6c65204c756e61223b733a373a2261646472657373223b733a36333a22506c61726964656c2d416e746f6e696f204c756e612053742e2c20427267792e20312c2053696c617920436974792c204e65672e204f63632e2c2036313136223b733a363a2266625f75726c223b733a33393a2268747470733a2f2f7777772e66616365626f6f6b2e636f6d2f63616c6c656c756e61303832312f223b733a353a22656d61696c223b733a32333a2263616c6c656c756e6130383231407961686f6f2e636f6d223b733a343a226c6f676f223b733a33363a2275706c6f6164732f32303230313231393037343634365f72696f735f6c6f676f2e69636f223b7d757365725f69647c733a323a223131223b66697273746e616d657c733a373a2243617368696572223b6c6173746e616d657c733a343a2253696465223b6163636573735f746f6b656e7c733a303a22223b70686f6e655f6e756d6265727c733a303a22223b656d61696c7c733a373a2263617368696572223b747970657c733a313a2233223b7374617475737c733a313a2231223b64656c6574655f666c61677c733a313a2230223b646174655f637265617465647c733a31393a22323032302d30352d30362030303a35323a3036223b),
('o7jjluoebbdar159u0htsvmrrh6ka8p8', '::1', 1608364571, 0x5f5f63695f6c6173745f726567656e65726174657c693a313630383336343537313b73797374656d7c613a363a7b733a343a226e616d65223b733a31303a2243616c6c65204c756e61223b733a353a227469746c65223b733a31303a2243616c6c65204c756e61223b733a373a2261646472657373223b733a36333a22506c61726964656c2d416e746f6e696f204c756e612053742e2c20427267792e20312c2053696c617920436974792c204e65672e204f63632e2c2036313136223b733a363a2266625f75726c223b733a33393a2268747470733a2f2f7777772e66616365626f6f6b2e636f6d2f63616c6c656c756e61303832312f223b733a353a22656d61696c223b733a32333a2263616c6c656c756e6130383231407961686f6f2e636f6d223b733a343a226c6f676f223b733a33363a2275706c6f6164732f32303230313231393037343634365f72696f735f6c6f676f2e69636f223b7d757365725f69647c733a323a223131223b66697273746e616d657c733a373a2243617368696572223b6c6173746e616d657c733a343a2253696465223b6163636573735f746f6b656e7c733a303a22223b70686f6e655f6e756d6265727c733a303a22223b656d61696c7c733a373a2263617368696572223b747970657c733a313a2233223b7374617475737c733a313a2231223b64656c6574655f666c61677c733a313a2230223b646174655f637265617465647c733a31393a22323032302d30352d30362030303a35323a3036223b),
('on5kvru4hf24kui3e689fj1kic37enme', '::1', 1608364941, 0x5f5f63695f6c6173745f726567656e65726174657c693a313630383336343934313b73797374656d7c613a363a7b733a343a226e616d65223b733a31303a2243616c6c65204c756e61223b733a353a227469746c65223b733a31303a2243616c6c65204c756e61223b733a373a2261646472657373223b733a36333a22506c61726964656c2d416e746f6e696f204c756e612053742e2c20427267792e20312c2053696c617920436974792c204e65672e204f63632e2c2036313136223b733a363a2266625f75726c223b733a33393a2268747470733a2f2f7777772e66616365626f6f6b2e636f6d2f63616c6c656c756e61303832312f223b733a353a22656d61696c223b733a32333a2263616c6c656c756e6130383231407961686f6f2e636f6d223b733a343a226c6f676f223b733a33363a2275706c6f6164732f32303230313231393037343634365f72696f735f6c6f676f2e69636f223b7d757365725f69647c733a323a223131223b66697273746e616d657c733a373a2243617368696572223b6c6173746e616d657c733a343a2253696465223b6163636573735f746f6b656e7c733a303a22223b70686f6e655f6e756d6265727c733a303a22223b656d61696c7c733a373a2263617368696572223b747970657c733a313a2233223b7374617475737c733a313a2231223b64656c6574655f666c61677c733a313a2230223b646174655f637265617465647c733a31393a22323032302d30352d30362030303a35323a3036223b),
('5n8dpmmor1d8cl6ih8skh9vmvtu66mjq', '::1', 1608365558, 0x5f5f63695f6c6173745f726567656e65726174657c693a313630383336353535383b73797374656d7c613a363a7b733a343a226e616d65223b733a31303a2243616c6c65204c756e61223b733a353a227469746c65223b733a31303a2243616c6c65204c756e61223b733a373a2261646472657373223b733a36333a22506c61726964656c2d416e746f6e696f204c756e612053742e2c20427267792e20312c2053696c617920436974792c204e65672e204f63632e2c2036313136223b733a363a2266625f75726c223b733a33393a2268747470733a2f2f7777772e66616365626f6f6b2e636f6d2f63616c6c656c756e61303832312f223b733a353a22656d61696c223b733a32333a2263616c6c656c756e6130383231407961686f6f2e636f6d223b733a343a226c6f676f223b733a33363a2275706c6f6164732f32303230313231393037343634365f72696f735f6c6f676f2e69636f223b7d757365725f69647c733a323a223131223b66697273746e616d657c733a373a2243617368696572223b6c6173746e616d657c733a343a2253696465223b6163636573735f746f6b656e7c733a303a22223b70686f6e655f6e756d6265727c733a303a22223b656d61696c7c733a373a2263617368696572223b747970657c733a313a2233223b7374617475737c733a313a2231223b64656c6574655f666c61677c733a313a2230223b646174655f637265617465647c733a31393a22323032302d30352d30362030303a35323a3036223b),
('o951umabtq8b8v452t5tg25b94upv30a', '::1', 1608366610, 0x5f5f63695f6c6173745f726567656e65726174657c693a313630383336363631303b73797374656d7c613a363a7b733a343a226e616d65223b733a31303a2243616c6c65204c756e61223b733a353a227469746c65223b733a31303a2243616c6c65204c756e61223b733a373a2261646472657373223b733a36333a22506c61726964656c2d416e746f6e696f204c756e612053742e2c20427267792e20312c2053696c617920436974792c204e65672e204f63632e2c2036313136223b733a363a2266625f75726c223b733a33393a2268747470733a2f2f7777772e66616365626f6f6b2e636f6d2f63616c6c656c756e61303832312f223b733a353a22656d61696c223b733a32333a2263616c6c656c756e6130383231407961686f6f2e636f6d223b733a343a226c6f676f223b733a33363a2275706c6f6164732f32303230313231393037343634365f72696f735f6c6f676f2e69636f223b7d757365725f69647c733a313a2238223b66697273746e616d657c733a353a2261646d696e223b6c6173746e616d657c733a353a2261646d696e223b6163636573735f746f6b656e7c733a303a22223b70686f6e655f6e756d6265727c733a303a22223b656d61696c7c733a353a2261646d696e223b747970657c733a313a2231223b7374617475737c733a313a2231223b64656c6574655f666c61677c733a313a2230223b646174655f637265617465647c733a31393a22323032302d30352d30362030303a30343a3137223b),
('at8gthc28h3ausb2hlld2iulq8h3ddh2', '::1', 1608366979, 0x5f5f63695f6c6173745f726567656e65726174657c693a313630383336363937393b73797374656d7c613a363a7b733a343a226e616d65223b733a31303a2243616c6c65204c756e61223b733a353a227469746c65223b733a31303a2243616c6c65204c756e61223b733a373a2261646472657373223b733a36333a22506c61726964656c2d416e746f6e696f204c756e612053742e2c20427267792e20312c2053696c617920436974792c204e65672e204f63632e2c2036313136223b733a363a2266625f75726c223b733a33393a2268747470733a2f2f7777772e66616365626f6f6b2e636f6d2f63616c6c656c756e61303832312f223b733a353a22656d61696c223b733a32333a2263616c6c656c756e6130383231407961686f6f2e636f6d223b733a343a226c6f676f223b733a33363a2275706c6f6164732f32303230313231393037343634365f72696f735f6c6f676f2e69636f223b7d757365725f69647c733a313a2237223b66697273746e616d657c733a373a224b69746368656e223b6c6173746e616d657c733a343a2253696465223b6163636573735f746f6b656e7c733a303a22223b70686f6e655f6e756d6265727c733a303a22223b656d61696c7c733a373a226b69746368656e223b747970657c733a313a2232223b7374617475737c733a313a2231223b64656c6574655f666c61677c733a313a2230223b646174655f637265617465647c733a31393a22323032302d30352d30352032333a35333a3430223b),
('sp8uvfkj7itdhrffhgsnripgc07o7pe2', '::1', 1608366943, 0x5f5f63695f6c6173745f726567656e65726174657c693a313630383336363934333b73797374656d7c613a363a7b733a343a226e616d65223b733a31303a2243616c6c65204c756e61223b733a353a227469746c65223b733a31303a2243616c6c65204c756e61223b733a373a2261646472657373223b733a36333a22506c61726964656c2d416e746f6e696f204c756e612053742e2c20427267792e20312c2053696c617920436974792c204e65672e204f63632e2c2036313136223b733a363a2266625f75726c223b733a33393a2268747470733a2f2f7777772e66616365626f6f6b2e636f6d2f63616c6c656c756e61303832312f223b733a353a22656d61696c223b733a32333a2263616c6c656c756e6130383231407961686f6f2e636f6d223b733a343a226c6f676f223b733a33363a2275706c6f6164732f32303230313231393037343634365f72696f735f6c6f676f2e69636f223b7d757365725f69647c733a313a2238223b66697273746e616d657c733a353a2261646d696e223b6c6173746e616d657c733a353a2261646d696e223b6163636573735f746f6b656e7c733a303a22223b70686f6e655f6e756d6265727c733a303a22223b656d61696c7c733a353a2261646d696e223b747970657c733a313a2231223b7374617475737c733a313a2231223b64656c6574655f666c61677c733a313a2230223b646174655f637265617465647c733a31393a22323032302d30352d30362030303a30343a3137223b),
('jt1e7rm5ev8i7q3fkun6g6uu6covl76c', '::1', 1608367315, 0x5f5f63695f6c6173745f726567656e65726174657c693a313630383336373331353b73797374656d7c613a363a7b733a343a226e616d65223b733a31303a2243616c6c65204c756e61223b733a353a227469746c65223b733a31303a2243616c6c65204c756e61223b733a373a2261646472657373223b733a36333a22506c61726964656c2d416e746f6e696f204c756e612053742e2c20427267792e20312c2053696c617920436974792c204e65672e204f63632e2c2036313136223b733a363a2266625f75726c223b733a33393a2268747470733a2f2f7777772e66616365626f6f6b2e636f6d2f63616c6c656c756e61303832312f223b733a353a22656d61696c223b733a32333a2263616c6c656c756e6130383231407961686f6f2e636f6d223b733a343a226c6f676f223b733a33363a2275706c6f6164732f32303230313231393037343634365f72696f735f6c6f676f2e69636f223b7d757365725f69647c733a313a2238223b66697273746e616d657c733a353a2261646d696e223b6c6173746e616d657c733a353a2261646d696e223b6163636573735f746f6b656e7c733a303a22223b70686f6e655f6e756d6265727c733a303a22223b656d61696c7c733a353a2261646d696e223b747970657c733a313a2231223b7374617475737c733a313a2231223b64656c6574655f666c61677c733a313a2230223b646174655f637265617465647c733a31393a22323032302d30352d30362030303a30343a3137223b),
('85g4k3cbktl3rmbon95sboll2mjbfuu0', '::1', 1608367987, 0x5f5f63695f6c6173745f726567656e65726174657c693a313630383336363937393b73797374656d7c613a363a7b733a343a226e616d65223b733a31303a2243616c6c65204c756e61223b733a353a227469746c65223b733a31303a2243616c6c65204c756e61223b733a373a2261646472657373223b733a36333a22506c61726964656c2d416e746f6e696f204c756e612053742e2c20427267792e20312c2053696c617920436974792c204e65672e204f63632e2c2036313136223b733a363a2266625f75726c223b733a33393a2268747470733a2f2f7777772e66616365626f6f6b2e636f6d2f63616c6c656c756e61303832312f223b733a353a22656d61696c223b733a32333a2263616c6c656c756e6130383231407961686f6f2e636f6d223b733a343a226c6f676f223b733a33363a2275706c6f6164732f32303230313231393037343634365f72696f735f6c6f676f2e69636f223b7d757365725f69647c733a313a2237223b66697273746e616d657c733a373a224b69746368656e223b6c6173746e616d657c733a343a2253696465223b6163636573735f746f6b656e7c733a303a22223b70686f6e655f6e756d6265727c733a303a22223b656d61696c7c733a373a226b69746368656e223b747970657c733a313a2232223b7374617475737c733a313a2231223b64656c6574655f666c61677c733a313a2230223b646174655f637265617465647c733a31393a22323032302d30352d30352032333a35333a3430223b),
('mjcgc5b834a2slov2g49pvjosnq3ip1o', '::1', 1608367768, 0x5f5f63695f6c6173745f726567656e65726174657c693a313630383336373736383b73797374656d7c613a363a7b733a343a226e616d65223b733a31303a2243616c6c65204c756e61223b733a353a227469746c65223b733a31303a2243616c6c65204c756e61223b733a373a2261646472657373223b733a36333a22506c61726964656c2d416e746f6e696f204c756e612053742e2c20427267792e20312c2053696c617920436974792c204e65672e204f63632e2c2036313136223b733a363a2266625f75726c223b733a33393a2268747470733a2f2f7777772e66616365626f6f6b2e636f6d2f63616c6c656c756e61303832312f223b733a353a22656d61696c223b733a32333a2263616c6c656c756e6130383231407961686f6f2e636f6d223b733a343a226c6f676f223b733a33363a2275706c6f6164732f32303230313231393037343634365f72696f735f6c6f676f2e69636f223b7d757365725f69647c733a313a2238223b66697273746e616d657c733a353a2261646d696e223b6c6173746e616d657c733a353a2261646d696e223b6163636573735f746f6b656e7c733a303a22223b70686f6e655f6e756d6265727c733a303a22223b656d61696c7c733a353a2261646d696e223b747970657c733a313a2231223b7374617475737c733a313a2231223b64656c6574655f666c61677c733a313a2230223b646174655f637265617465647c733a31393a22323032302d30352d30362030303a30343a3137223b),
('5lf2p2cdjvj5bcuic0fjv0cup9bkvh3r', '::1', 1608367987, 0x5f5f63695f6c6173745f726567656e65726174657c693a313630383336373736383b73797374656d7c613a363a7b733a343a226e616d65223b733a31303a2243616c6c65204c756e61223b733a353a227469746c65223b733a31303a2243616c6c65204c756e61223b733a373a2261646472657373223b733a36333a22506c61726964656c2d416e746f6e696f204c756e612053742e2c20427267792e20312c2053696c617920436974792c204e65672e204f63632e2c2036313136223b733a363a2266625f75726c223b733a33393a2268747470733a2f2f7777772e66616365626f6f6b2e636f6d2f63616c6c656c756e61303832312f223b733a353a22656d61696c223b733a32333a2263616c6c656c756e6130383231407961686f6f2e636f6d223b733a343a226c6f676f223b733a33363a2275706c6f6164732f32303230313231393037343634365f72696f735f6c6f676f2e69636f223b7d757365725f69647c733a313a2238223b66697273746e616d657c733a353a2261646d696e223b6c6173746e616d657c733a353a2261646d696e223b6163636573735f746f6b656e7c733a303a22223b70686f6e655f6e756d6265727c733a303a22223b656d61696c7c733a353a2261646d696e223b747970657c733a313a2231223b7374617475737c733a313a2231223b64656c6574655f666c61677c733a313a2230223b646174655f637265617465647c733a31393a22323032302d30352d30362030303a30343a3137223b);

-- --------------------------------------------------------

--
-- Table structure for table `for_delivery`
--

CREATE TABLE `for_delivery` (
  `id` int(30) NOT NULL,
  `order_id` int(30) NOT NULL,
  `user_id` int(30) NOT NULL,
  `date_created` datetime NOT NULL DEFAULT current_timestamp()
) ENGINE=InnoDB DEFAULT CHARSET=utf8mb4;

--
-- Dumping data for table `for_delivery`
--

INSERT INTO `for_delivery` (`id`, `order_id`, `user_id`, `date_created`) VALUES
(1, 2, 9, '2020-12-17 08:54:37');

-- --------------------------------------------------------

--
-- Table structure for table `messages`
--

CREATE TABLE `messages` (
  `id` int(30) NOT NULL,
  `user_id` int(30) NOT NULL,
  `message` text NOT NULL,
  `status` tinyint(1) NOT NULL DEFAULT 0 COMMENT '0=unread,1=read',
  `type` tinyint(1) NOT NULL DEFAULT 0 COMMENT '0 = user to admin, 1 = admin to user\r\n',
  `date_created` datetime NOT NULL DEFAULT current_timestamp()
) ENGINE=InnoDB DEFAULT CHARSET=utf8mb4;

--
-- Dumping data for table `messages`
--

INSERT INTO `messages` (`id`, `user_id`, `message`, `status`, `type`, `date_created`) VALUES
(1, 12, 'hey admin', 1, 0, '2020-12-17 08:42:50'),
(2, 12, 'yeah ?\r\n', 1, 1, '2020-12-17 08:45:37'),
(3, 12, 'test\r\n', 1, 1, '2020-12-17 08:45:46');

-- --------------------------------------------------------

--
-- Table structure for table `orders`
--

CREATE TABLE `orders` (
  `id` int(30) NOT NULL,
  `ref_id` text NOT NULL,
  `onum` text NOT NULL,
  `type` int(11) NOT NULL COMMENT '1=dine-in, 2=take-out, 3=Delivery, 4= pickup',
  `status` int(11) NOT NULL,
  `amount` text NOT NULL,
  `location` text NOT NULL,
  `user_id` int(11) NOT NULL,
  `landmark` text NOT NULL,
  `discount` text NOT NULL,
  `total_amount` text NOT NULL,
  `remarks` text NOT NULL,
  `created_date` datetime NOT NULL DEFAULT current_timestamp()
) ENGINE=InnoDB DEFAULT CHARSET=utf8mb4;

--
-- Dumping data for table `orders`
--

INSERT INTO `orders` (`id`, `ref_id`, `onum`, `type`, `status`, `amount`, `location`, `user_id`, `landmark`, `discount`, `total_amount`, `remarks`, `created_date`) VALUES
(1, 'VFM-2147', '', 1, 0, '100.00', '', 1, '', '', '100.00', '', '2020-12-17 08:38:19'),
(2, 'MFU-6904', '', 3, 1, '65.00', 'Sample', 1, '', '', '65.00', '', '2020-12-17 08:39:24'),
(3, 'UOK-1187', '', 4, 0, '150', '', 12, '', '', '150.00', 'Sample Only', '2020-12-17 08:41:28'),
(4, 'ZLI-4084', '', 1, 0, '275.00', '', 1, '', '', '275.00', '', '2020-12-18 09:07:55'),
(5, 'MXS-1920', '', 1, 0, '275.00', '', 11, '', '', '275.00', '', '2020-12-19 15:33:44'),
(6, 'CWL-7258', '', 1, 0, '310.00', '', 11, '', '', '310.00', '', '2020-12-19 15:41:37'),
(7, 'KHT-2572', '', 1, 0, '125.00', '', 11, '', '', '125.00', '', '2020-12-19 15:49:02'),
(8, 'ESJ-4102', '', 1, 0, '210.00', '', 11, '', '', '210.00', '', '2020-12-19 15:49:29'),
(9, 'KPS-7043', '', 1, 0, '210.00', '', 11, '', '', '210.00', '', '2020-12-19 15:56:19'),
(10, 'VFH-5969', '', 1, 0, '210.00', '', 11, '', '', '210.00', '', '2020-12-19 15:56:29'),
(11, 'ZJF-9113', '', 1, 0, '210.00', '', 8, '', '', '210.00', '', '2020-12-19 16:53:07');

-- --------------------------------------------------------

--
-- Table structure for table `order_list`
--

CREATE TABLE `order_list` (
  `id` int(30) NOT NULL,
  `order_id` int(30) NOT NULL,
  `product_id` int(30) NOT NULL,
  `price` text NOT NULL,
  `qty` int(30) NOT NULL,
  `total_amount` text NOT NULL,
  `status` int(2) NOT NULL DEFAULT 1,
  `date_created` datetime NOT NULL DEFAULT current_timestamp()
) ENGINE=InnoDB DEFAULT CHARSET=utf8mb4;

--
-- Dumping data for table `order_list`
--

INSERT INTO `order_list` (`id`, `order_id`, `product_id`, `price`, `qty`, `total_amount`, `status`, `date_created`) VALUES
(1, 1, 9, '50', 1, '50', 2, '2020-12-17 08:38:19'),
(2, 1, 4, '50', 1, '50', 2, '2020-12-17 08:38:19'),
(3, 2, 13, '15', 1, '15', 2, '2020-12-17 08:39:24'),
(4, 2, 9, '50', 1, '50', 2, '2020-12-17 08:39:24'),
(5, 3, 4, '50', 3, '150', 2, '2020-12-17 08:41:28'),
(6, 4, 5, '65', 1, '65', 2, '2020-12-18 09:07:55'),
(7, 4, 3, '210', 1, '210', 2, '2020-12-18 09:07:55'),
(8, 5, 5, '65', 1, '65', 2, '2020-12-19 15:33:44'),
(9, 5, 3, '210', 1, '210', 2, '2020-12-19 15:33:44'),
(10, 6, 4, '50', 2, '100', 2, '2020-12-19 15:41:37'),
(11, 6, 3, '210', 1, '210', 2, '2020-12-19 15:41:37'),
(12, 7, 7, '25', 1, '25', 2, '2020-12-19 15:49:02'),
(13, 7, 4, '50', 2, '100', 2, '2020-12-19 15:49:02'),
(14, 8, 3, '210', 1, '210', 1, '2020-12-19 15:49:29'),
(15, 9, 3, '210', 1, '210', 1, '2020-12-19 15:56:19'),
(16, 10, 3, '210', 1, '210', 1, '2020-12-19 15:56:29'),
(17, 11, 3, '210', 1, '210', 1, '2020-12-19 16:53:07');

-- --------------------------------------------------------

--
-- Table structure for table `product`
--

CREATE TABLE `product` (
  `id` int(30) NOT NULL,
  `name` text NOT NULL,
  `description` text NOT NULL,
  `pt_id` int(30) NOT NULL,
  `status` tinyint(4) NOT NULL,
  `price` text NOT NULL,
  `img_path` text NOT NULL,
  `date_created` datetime NOT NULL DEFAULT current_timestamp()
) ENGINE=InnoDB DEFAULT CHARSET=utf8mb4;

--
-- Dumping data for table `product`
--

INSERT INTO `product` (`id`, `name`, `description`, `pt_id`, `status`, `price`, `img_path`, `date_created`) VALUES
(2, 'Halo-Halo(small)', 'Small size of halo-halo', 7, 0, '45.00', 'uploads/products/logo.jpg', '2020-04-05 14:52:34'),
(3, 'GM 1', 'Group meal 1 (Nachos,Friesmetc)', 5, 1, '210.00', 'uploads/products/202004051107_GM1.jpg', '2020-04-05 16:50:56'),
(4, 'Burger 1', 'Burger with cheese', 8, 1, '50', 'uploads/products/202004051110_burger1.jpg', '2020-04-05 17:10:15'),
(5, 'Fries 1', 'Fries ...', 1, 1, '65.00', 'uploads/products/202004051111_fries.jpg', '2020-04-05 17:11:39'),
(6, 'Ice cream 1', 'Ice cream', 9, 0, '35.00', 'uploads/products/logo.jpg', '2020-04-05 17:13:42'),
(7, 'Test Product', 'Test', 2, 1, '25.00', 'uploads/products/logo.jpg', '2020-04-06 16:12:47'),
(8, 'Coke zero 12 oz', 'Test', 2, 1, '35', 'uploads/products/logo.jpg', '2020-04-11 20:49:11'),
(9, 'sdfsdf', 'sdfsdfsdf', 1, 1, '50', 'uploads/products/logo.jpg', '2020-04-11 20:49:29'),
(10, 'fghd', 'sdfsdfsdf', 2, 1, '95', 'uploads/products/logo.jpg', '2020-04-11 20:49:43'),
(11, 'GM 2', 'sdfsdfsdf', 5, 1, '300', 'uploads/products/logo.jpg', '2020-04-11 20:50:08'),
(12, 'Coke 12 oz.', 'sadasdasd', 2, 1, '35', 'uploads/products/logo.jpg', '2020-04-11 20:50:26'),
(13, 'sdfsdfsdf', 'sdfsdfs', 8, 1, '15', 'uploads/products/logo.jpg', '2020-04-11 20:50:40'),
(14, 'fghfghfgh', 'dsfsdf', 5, 1, '60', 'uploads/products/logo.jpg', '2020-04-11 20:50:53'),
(15, 'Test23', 'asdasd', 7, 1, '623', 'uploads/products/logo.jpg', '2020-04-11 20:51:34'),
(16, 'Test', 'Test2', 8, 1, '15', 'uploads/products/202012170752_47446233-clean-noir-et-gradient-sombre-image-de-fond-abstrait-.jpg', '2020-07-29 19:22:32');

-- --------------------------------------------------------

--
-- Table structure for table `product_type`
--

CREATE TABLE `product_type` (
  `id` int(11) NOT NULL,
  `name` text NOT NULL,
  `status` tinyint(2) NOT NULL,
  `date_created` datetime NOT NULL DEFAULT current_timestamp()
) ENGINE=InnoDB DEFAULT CHARSET=utf8mb4;

--
-- Dumping data for table `product_type`
--

INSERT INTO `product_type` (`id`, `name`, `status`, `date_created`) VALUES
(1, 'Solo', 1, '2020-04-04 23:48:51'),
(2, 'Drinks', 1, '2020-04-04 23:50:23'),
(5, 'Group meals', 1, '2020-04-04 23:52:13'),
(7, 'Add-on', 1, '2020-04-05 13:32:16'),
(8, 'Breads', 1, '2020-04-05 17:09:21'),
(9, 'Ice Cream', 1, '2020-04-05 17:12:05'),
(10, 'Soup', 1, '2020-04-05 17:12:32'),
(11, 'asdasd', 1, '2020-12-17 08:32:11'),
(12, 'sssasd', 1, '2020-12-17 08:32:25'),
(13, 'ssa', 1, '2020-12-17 08:32:34'),
(14, 'asdasdaa', 1, '2020-12-17 08:35:20');

-- --------------------------------------------------------

--
-- Table structure for table `queue_list`
--

CREATE TABLE `queue_list` (
  `id` int(30) NOT NULL,
  `order_id` int(30) NOT NULL,
  `queue` int(30) NOT NULL,
  `status` tinyint(2) NOT NULL,
  `date_created` timestamp NOT NULL DEFAULT current_timestamp()
) ENGINE=InnoDB DEFAULT CHARSET=utf8mb4;

--
-- Dumping data for table `queue_list`
--

INSERT INTO `queue_list` (`id`, `order_id`, `queue`, `status`, `date_created`) VALUES
(1, 1, 1, 1, '2020-12-17 00:38:19'),
(2, 2, 2, 1, '2020-12-17 00:39:24'),
(3, 3, 3, 1, '2020-12-17 00:41:28'),
(4, 4, 1, 1, '2020-12-18 01:07:55'),
(5, 5, 1, 1, '2020-12-19 07:33:44'),
(6, 6, 2, 1, '2020-12-19 07:41:37'),
(7, 7, 3, 1, '2020-12-19 07:49:02'),
(8, 8, 4, 1, '2020-12-19 07:49:29'),
(9, 9, 5, 1, '2020-12-19 07:56:19'),
(10, 10, 6, 1, '2020-12-19 07:56:29'),
(11, 11, 7, 1, '2020-12-19 08:53:07');

-- --------------------------------------------------------

--
-- Table structure for table `sales`
--

CREATE TABLE `sales` (
  `id` int(30) NOT NULL,
  `ref_id` text NOT NULL,
  `order_id` int(30) NOT NULL,
  `receipt_no` text NOT NULL,
  `total_amount` text NOT NULL,
  `amount_tendered` text NOT NULL,
  `date_created` datetime NOT NULL DEFAULT current_timestamp()
) ENGINE=InnoDB DEFAULT CHARSET=utf8mb4;

--
-- Dumping data for table `sales`
--

INSERT INTO `sales` (`id`, `ref_id`, `order_id`, `receipt_no`, `total_amount`, `amount_tendered`, `date_created`) VALUES
(1, 'VFM-2147', 1, 'R4WdUMTDOx6V', '100.00', '100', '2020-12-17 08:38:19'),
(2, 'MFU-6904', 2, 'j1srvu5OIUAE', '65.00', '65', '2020-12-17 08:39:24'),
(3, 'ZLI-4084', 4, '2QlzmZxqAbd3', '275.00', '1000', '2020-12-18 09:07:55'),
(4, 'MXS-1920', 5, 'G4RQdJxunglm', '275.00', '300', '2020-12-19 15:33:44'),
(5, 'CWL-7258', 6, 'pBImgdU98ZAk', '310.00', '350', '2020-12-19 15:41:37'),
(6, 'KHT-2572', 7, '34ZuWw5XCkgn', '125.00', '130', '2020-12-19 15:49:02'),
(7, 'KPS-7043', 9, 'Qlf4JEGutXM6', '210.00', '220', '2020-12-19 15:56:19'),
(9, 'ESJ-4102', 8, 'WjgrX0F4RcU8', '210.00', '210', '2020-12-19 16:04:33'),
(10, 'VFH-5969', 10, 'wLxcANyO2nEP', '210.00', '230', '2020-12-19 16:05:22'),
(11, 'ZJF-9113', 11, 'RXi0ZvlVBsFP', '210.00', '220', '2020-12-19 16:53:07');

-- --------------------------------------------------------

--
-- Table structure for table `system_settings`
--

CREATE TABLE `system_settings` (
  `meta_name` text NOT NULL,
  `meta_value` text NOT NULL
) ENGINE=InnoDB DEFAULT CHARSET=utf8mb4;

--
-- Dumping data for table `system_settings`
--

INSERT INTO `system_settings` (`meta_name`, `meta_value`) VALUES
('system_name', 'Calle Luna'),
('system_title', 'Calle Luna'),
('system_address', 'Plaridel-Antonio Luna St., Brgy. 1, Silay City, Neg. Occ., 6116'),
('system_fb_url', 'https://www.facebook.com/calleluna0821/'),
('system_email', 'calleluna0821@yahoo.com'),
('system_logo', 'uploads/20201219074646_rios_logo.ico');

-- --------------------------------------------------------

--
-- Table structure for table `users`
--

CREATE TABLE `users` (
  `id` int(30) NOT NULL,
  `firstname` text NOT NULL,
  `lastname` text NOT NULL,
  `access_token` text NOT NULL,
  `phone_number` text NOT NULL,
  `email` text NOT NULL,
  `password` text NOT NULL,
  `type` int(11) NOT NULL DEFAULT 1 COMMENT '1= admin,2=kitchen,3=cashier,4=delivery,5=client,6=Guest Self service',
  `status` int(11) DEFAULT 1 COMMENT '1= active, 2=blocked',
  `delete_flag` tinyint(1) NOT NULL DEFAULT 0 COMMENT '0= active , 1= deleted',
  `date_created` datetime NOT NULL DEFAULT current_timestamp()
) ENGINE=InnoDB DEFAULT CHARSET=utf8mb4;

--
-- Dumping data for table `users`
--

INSERT INTO `users` (`id`, `firstname`, `lastname`, `access_token`, `phone_number`, `email`, `password`, `type`, `status`, `delete_flag`, `date_created`) VALUES
(1, 'super', 'admin', '', '', 'super_admin', '5da283a2d990e8d8512cf967df5bc0d0', 1, 1, 0, '2020-05-03 01:12:53'),
(4, 'Carlo', 'Montero', '', '09171742306', 'oretnom23@gmail.com', '0192023a7bbd73250516f069df18b500', 5, 1, 0, '2020-05-03 19:38:20'),
(6, 'asdasd', 'asdasd', '', '456465', 'gbnebria14@gmail.com', '0192023a7bbd73250516f069df18b500', 5, 1, 0, '2020-05-03 23:02:08'),
(7, 'Kitchen', 'Side', '', '', 'kitchen', '68a7b18d11156c6e806161741f55dc91', 2, 1, 0, '2020-05-05 23:53:40'),
(8, 'admin', 'admin', '', '', 'admin', '0192023a7bbd73250516f069df18b500', 1, 1, 0, '2020-05-06 00:04:17'),
(9, 'Driver', 'Test', '', '', 'driver', 'c974f63abee678d0e103167ad9c813a5', 4, 1, 0, '2020-05-06 00:05:39'),
(10, 'test', 'test', '', '', 'test@sample.com', '0192023a7bbd73250516f069df18b500', 5, 1, 0, '2020-05-06 00:24:01'),
(11, 'Cashier', 'Side', '', '', 'cashier', 'dbb8c54ee649f8af049357a5f99cede6', 3, 1, 0, '2020-05-06 00:52:06'),
(12, 'John', 'Smith', '', '2312331123', 'jsmith@sample.com', '1254737c076cf867dc53d60a0364f38e', 5, 1, 0, '2020-12-17 08:40:26'),
(13, 'Guest', ' ', '', '', 'guest', 'fcf41657f02f88137a1bcf068a32c0a3', 6, 1, 0, '2020-12-19 16:13:39');

--
-- Indexes for dumped tables
--

--
-- Indexes for table `alert_msg`
--
ALTER TABLE `alert_msg`
  ADD PRIMARY KEY (`id`);

--
-- Indexes for table `cart_list`
--
ALTER TABLE `cart_list`
  ADD PRIMARY KEY (`id`);

--
-- Indexes for table `ci_sessions`
--
ALTER TABLE `ci_sessions`
  ADD KEY `ci_sessions_timestamp` (`timestamp`);

--
-- Indexes for table `for_delivery`
--
ALTER TABLE `for_delivery`
  ADD PRIMARY KEY (`id`);

--
-- Indexes for table `messages`
--
ALTER TABLE `messages`
  ADD PRIMARY KEY (`id`);

--
-- Indexes for table `orders`
--
ALTER TABLE `orders`
  ADD PRIMARY KEY (`id`);

--
-- Indexes for table `order_list`
--
ALTER TABLE `order_list`
  ADD PRIMARY KEY (`id`);

--
-- Indexes for table `product`
--
ALTER TABLE `product`
  ADD PRIMARY KEY (`id`);

--
-- Indexes for table `product_type`
--
ALTER TABLE `product_type`
  ADD PRIMARY KEY (`id`);

--
-- Indexes for table `queue_list`
--
ALTER TABLE `queue_list`
  ADD PRIMARY KEY (`id`);

--
-- Indexes for table `sales`
--
ALTER TABLE `sales`
  ADD PRIMARY KEY (`id`);

--
-- Indexes for table `users`
--
ALTER TABLE `users`
  ADD PRIMARY KEY (`id`);

--
-- AUTO_INCREMENT for dumped tables
--

--
-- AUTO_INCREMENT for table `alert_msg`
--
ALTER TABLE `alert_msg`
  MODIFY `id` int(30) NOT NULL AUTO_INCREMENT, AUTO_INCREMENT=2;

--
-- AUTO_INCREMENT for table `cart_list`
--
ALTER TABLE `cart_list`
  MODIFY `id` int(30) NOT NULL AUTO_INCREMENT, AUTO_INCREMENT=3;

--
-- AUTO_INCREMENT for table `for_delivery`
--
ALTER TABLE `for_delivery`
  MODIFY `id` int(30) NOT NULL AUTO_INCREMENT, AUTO_INCREMENT=2;

--
-- AUTO_INCREMENT for table `messages`
--
ALTER TABLE `messages`
  MODIFY `id` int(30) NOT NULL AUTO_INCREMENT, AUTO_INCREMENT=4;

--
-- AUTO_INCREMENT for table `orders`
--
ALTER TABLE `orders`
  MODIFY `id` int(30) NOT NULL AUTO_INCREMENT, AUTO_INCREMENT=12;

--
-- AUTO_INCREMENT for table `order_list`
--
ALTER TABLE `order_list`
  MODIFY `id` int(30) NOT NULL AUTO_INCREMENT, AUTO_INCREMENT=18;

--
-- AUTO_INCREMENT for table `product`
--
ALTER TABLE `product`
  MODIFY `id` int(30) NOT NULL AUTO_INCREMENT, AUTO_INCREMENT=17;

--
-- AUTO_INCREMENT for table `product_type`
--
ALTER TABLE `product_type`
  MODIFY `id` int(11) NOT NULL AUTO_INCREMENT, AUTO_INCREMENT=15;

--
-- AUTO_INCREMENT for table `queue_list`
--
ALTER TABLE `queue_list`
  MODIFY `id` int(30) NOT NULL AUTO_INCREMENT, AUTO_INCREMENT=12;

--
-- AUTO_INCREMENT for table `sales`
--
ALTER TABLE `sales`
  MODIFY `id` int(30) NOT NULL AUTO_INCREMENT, AUTO_INCREMENT=12;

--
-- AUTO_INCREMENT for table `users`
--
ALTER TABLE `users`
  MODIFY `id` int(30) NOT NULL AUTO_INCREMENT, AUTO_INCREMENT=14;
COMMIT;

/*!40101 SET CHARACTER_SET_CLIENT=@OLD_CHARACTER_SET_CLIENT */;
/*!40101 SET CHARACTER_SET_RESULTS=@OLD_CHARACTER_SET_RESULTS */;
/*!40101 SET COLLATION_CONNECTION=@OLD_COLLATION_CONNECTION */;
